275.14,1041,74,274.15,276.15,2019-01-04,12:00:05
276.24,1042,60,275.15,277.15,2019-01-04,13:00:03
276.42,1041,64,275.15,277.15,2019-01-04,14:00:03
276.23,1041,64,275.15,277.15,2019-01-04,15:00:04
275.87,1041,64,275.15,277.15,2019-01-04,16:00:04
275.33,1041,69,273.15,277.15,2019-01-04,17:00:03
275.13,1041,69,273.15,277.15,2019-01-04,18:00:05
275.02,1041,77,272.15,278.15,2019-01-04,19:00:03
274.4,1041,91,271.15,278.15,2019-01-04,20:00:06
274.77,1041,91,272.15,278.15,2019-01-04,21:00:04
274.64,1040,86,273.15,276.15,2019-01-04,22:00:03
275.3,1040,79,273.15,278.15,2019-01-04,23:00:03
275.47,1041,79,274.15,276.15,2019-01-05,00:00:04
276.02,1040,75,274.15,278.15,2019-01-05,01:00:04
276.02,1040,75,274.15,278.15,2019-01-05,02:00:04
276.27,1040,86,275.15,278.15,2019-01-05,03:00:03
276.36,1039,75,275.15,278.15,2019-01-05,04:00:03
276.36,1039,79,275.15,278.15,2019-01-05,05:00:03
276.5,1039,79,275.15,278.15,2019-01-05,06:00:03
277.01,1039,79,276.15,278.15,2019-01-05,07:00:03
277.13,1039,79,276.15,278.15,2019-01-05,07:30:05
277.14,1039,75,276.15,278.15,2019-01-05,07:45:03
277.14,1039,75,276.15,278.15,2019-01-05,07:50:03
277.14,1039,75,276.15,278.15,2019-01-05,07:55:04
277.14,1039,75,276.15,278.15,2019-01-05,08:00:03
276.68,1039,81,275.15,278.15,2019-01-05,08:05:03
276.59,1039,81,275.15,278.15,2019-01-05,08:10:06
276.59,1039,81,275.15,278.15,2019-01-05,08:15:04
276.59,1039,81,275.15,278.15,2019-01-05,08:20:03
276.59,1039,81,275.15,278.15,2019-01-05,08:25:03
276.59,1039,81,275.15,278.15,2019-01-05,08:30:03
277.03,1039,75,276.15,278.15,2019-01-05,08:35:03
277.04,1039,75,276.15,278.15,2019-01-05,08:40:03
277.04,1039,75,276.15,278.15,2019-01-05,08:45:03
277.04,1039,75,276.15,278.15,2019-01-05,08:50:03
277.04,1039,75,276.15,278.15,2019-01-05,08:55:03
277.04,1039,75,276.15,278.15,2019-01-05,09:00:07
277.04,1039,75,276.15,278.15,2019-01-05,09:05:03
276.77,1039,75,275.15,278.15,2019-01-05,09:10:03
276.77,1039,75,275.15,278.15,2019-01-05,09:15:03
276.77,1039,75,275.15,278.15,2019-01-05,09:20:03
276.77,1039,75,275.15,278.15,2019-01-05,09:25:04
276.77,1039,75,275.15,278.15,2019-01-05,09:30:03
276.96,1039,81,276.15,278.15,2019-01-05,09:35:03
276.96,1039,81,276.15,278.15,2019-01-05,09:40:03
276.96,1039,81,276.15,278.15,2019-01-05,09:45:03
276.96,1039,81,276.15,278.15,2019-01-05,09:50:04
276.96,1039,81,276.15,278.15,2019-01-05,09:55:03
276.96,1039,81,276.15,278.15,2019-01-05,10:00:03
276.87,1039,75,276.15,278.15,2019-01-05,10:05:03
276.87,1039,75,276.15,278.15,2019-01-05,10:10:08
276.87,1039,75,276.15,278.15,2019-01-05,10:15:03
276.87,1039,75,276.15,278.15,2019-01-05,10:20:03
276.87,1039,75,276.15,278.15,2019-01-05,10:25:04
276.87,1039,75,276.15,278.15,2019-01-05,10:30:03
277.04,1039,70,276.15,278.15,2019-01-05,10:35:03
276.87,1039,70,276.15,278.15,2019-01-05,10:40:03
276.87,1039,70,276.15,278.15,2019-01-05,10:45:03
276.87,1039,70,276.15,278.15,2019-01-05,10:50:03
276.87,1039,70,276.15,278.15,2019-01-05,10:55:03
276.65,1038,70,276.15,277.15,2019-01-05,11:00:04
276.64,1039,70,276.15,277.15,2019-01-05,11:05:03
276.64,1039,70,276.15,277.15,2019-01-05,11:10:03
276.64,1039,70,276.15,277.15,2019-01-05,11:15:03
276.64,1039,70,276.15,277.15,2019-01-05,11:20:03
276.64,1039,70,276.15,277.15,2019-01-05,11:25:03
276.64,1039,70,276.15,277.15,2019-01-05,11:30:03
277.04,1039,70,276.15,278.15,2019-01-05,11:35:03
276.97,1039,70,276.15,278.15,2019-01-05,11:40:03
276.97,1039,70,276.15,278.15,2019-01-05,11:45:03
276.97,1039,70,276.15,278.15,2019-01-05,11:50:03
276.97,1039,70,276.15,278.15,2019-01-05,11:55:03
276.97,1039,70,276.15,278.15,2019-01-05,12:00:03
277.06,1039,70,276.15,278.15,2019-01-05,12:05:04
277.05,1039,70,276.15,278.15,2019-01-05,12:10:14
277.05,1039,70,276.15,278.15,2019-01-05,12:15:03
277.05,1039,70,276.15,278.15,2019-01-05,12:20:03
277.05,1039,70,276.15,278.15,2019-01-05,12:25:04
277.05,1039,70,276.15,278.15,2019-01-05,12:30:03
277.24,1039,70,276.15,278.15,2019-01-05,12:35:03
277.24,1039,70,276.15,278.15,2019-01-05,12:40:03
277.24,1039,70,276.15,278.15,2019-01-05,12:45:03
277.24,1039,70,276.15,278.15,2019-01-05,12:50:03
277.24,1039,70,276.15,278.15,2019-01-05,12:55:06
277.24,1039,70,276.15,278.15,2019-01-05,13:00:04
277.23,1038,70,276.15,278.15,2019-01-05,13:05:03
277.32,1038,70,276.15,278.15,2019-01-05,13:10:03
277.32,1038,70,276.15,278.15,2019-01-05,13:15:03
277.32,1038,70,276.15,278.15,2019-01-05,13:20:03
277.32,1038,70,276.15,278.15,2019-01-05,13:25:04
277.32,1038,70,276.15,278.15,2019-01-05,13:30:03
277.55,1038,67,277.15,278.15,2019-01-05,13:35:03
277.55,1038,67,277.15,278.15,2019-01-05,13:40:03
277.55,1038,67,277.15,278.15,2019-01-05,13:45:03
277.55,1038,67,277.15,278.15,2019-01-05,13:50:03
277.55,1038,67,277.15,278.15,2019-01-05,13:55:03
277.55,1038,67,277.15,278.15,2019-01-05,14:00:03
277.54,1038,67,277.15,278.15,2019-01-05,14:05:03
277.54,1038,67,277.15,278.15,2019-01-05,14:10:07
277.54,1038,67,277.15,278.15,2019-01-05,14:15:03
277.54,1038,67,277.15,278.15,2019-01-05,14:20:03
277.54,1038,67,277.15,278.15,2019-01-05,14:25:03
277.54,1038,67,277.15,278.15,2019-01-05,14:30:03
277.55,1038,75,277.15,278.15,2019-01-05,14:35:03
277.55,1038,75,277.15,278.15,2019-01-05,14:40:03
277.55,1038,75,277.15,278.15,2019-01-05,14:45:03
277.54,1038,75,277.15,278.15,2019-01-05,14:50:04
277.54,1038,75,277.15,278.15,2019-01-05,14:55:03
277.54,1038,75,277.15,278.15,2019-01-05,15:00:03
277.6,1038,70,276.15,279.15,2019-01-05,15:05:03
277.6,1038,70,276.15,279.15,2019-01-05,15:10:03
277.6,1038,70,276.15,279.15,2019-01-05,15:15:03
277.6,1038,70,276.15,279.15,2019-01-05,15:20:03
277.6,1038,70,276.15,279.15,2019-01-05,15:25:03
277.59,1037,80,276.15,279.15,2019-01-05,15:30:04
277.78,1038,70,277.15,279.15,2019-01-05,15:35:03
277.78,1038,70,277.15,279.15,2019-01-05,15:40:03
277.78,1038,70,277.15,279.15,2019-01-05,15:45:04
277.78,1038,70,277.15,279.15,2019-01-05,15:50:03
277.78,1038,70,277.15,279.15,2019-01-05,15:55:03
277.78,1038,70,277.15,279.15,2019-01-05,16:00:03
277.78,1038,70,277.15,279.15,2019-01-05,16:05:03
277.78,1038,70,277.15,279.15,2019-01-05,16:10:19
277.78,1038,70,277.15,279.15,2019-01-05,16:15:03
277.77,1038,70,277.15,279.15,2019-01-05,16:20:03
277.77,1038,70,277.15,279.15,2019-01-05,16:25:04
277.77,1038,70,277.15,279.15,2019-01-05,16:30:03
277.92,1038,70,277.15,279.15,2019-01-05,16:35:03
277.78,1038,70,277.15,279.15,2019-01-05,16:40:03
277.78,1038,70,277.15,279.15,2019-01-05,16:45:03
277.78,1038,70,277.15,279.15,2019-01-05,16:50:03
277.78,1038,70,277.15,279.15,2019-01-05,16:55:03
277.78,1038,70,277.15,279.15,2019-01-05,17:00:04
277.78,1038,75,277.15,279.15,2019-01-05,17:05:03
277.78,1038,75,277.15,279.15,2019-01-05,17:10:03
277.78,1038,75,277.15,279.15,2019-01-05,17:15:03
277.78,1038,75,277.15,279.15,2019-01-05,17:20:03
277.77,1038,75,277.15,279.15,2019-01-05,17:25:03
277.77,1038,75,277.15,279.15,2019-01-05,17:30:03
277.45,1038,80,277.15,278.15,2019-01-05,17:35:04
277.45,1038,80,277.15,278.15,2019-01-05,17:40:03
277.45,1038,80,277.15,278.15,2019-01-05,17:45:03
277.45,1038,80,277.15,278.15,2019-01-05,17:50:03
277.45,1038,80,277.15,278.15,2019-01-05,17:55:03
277.45,1038,80,277.15,278.15,2019-01-05,18:00:03
277.87,1038,70,277.15,279.15,2019-01-05,18:05:03
277.87,1038,70,277.15,279.15,2019-01-05,18:10:07
277.87,1038,70,277.15,279.15,2019-01-05,18:15:03
277.87,1038,70,277.15,279.15,2019-01-05,18:20:06
277.87,1038,70,277.15,279.15,2019-01-05,18:25:03
277.86,1038,70,277.15,279.15,2019-01-05,18:30:03
277.77,1037,80,277.15,278.15,2019-01-05,18:35:03
277.65,1037,80,277.15,278.15,2019-01-05,18:40:03
277.65,1037,80,277.15,278.15,2019-01-05,18:45:03
277.65,1037,80,277.15,278.15,2019-01-05,18:50:03
277.65,1037,80,277.15,278.15,2019-01-05,18:55:04
277.65,1037,80,277.15,278.15,2019-01-05,19:00:03
277.65,1037,80,277.15,278.15,2019-01-05,19:05:03
277.65,1037,80,277.15,278.15,2019-01-05,19:10:03
277.64,1038,75,277.15,278.15,2019-01-05,19:15:03
277.64,1038,75,277.15,278.15,2019-01-05,19:20:03
277.64,1038,75,277.15,278.15,2019-01-05,19:25:03
277.64,1038,75,277.15,278.15,2019-01-05,19:30:09
277.96,1038,75,277.15,279.15,2019-01-05,19:35:03
277.96,1038,75,277.15,279.15,2019-01-05,19:40:03
277.96,1038,75,277.15,279.15,2019-01-05,19:45:03
277.96,1038,75,277.15,279.15,2019-01-05,19:50:03
277.96,1038,75,277.15,279.15,2019-01-05,19:55:04
277.96,1038,75,277.15,279.15,2019-01-05,20:00:03
277.75,1037,80,277.15,278.15,2019-01-05,20:05:03
277.75,1037,80,277.15,278.15,2019-01-05,20:10:20
277.75,1037,80,277.15,278.15,2019-01-05,20:15:03
277.75,1037,80,277.15,278.15,2019-01-05,20:20:03
277.75,1037,80,277.15,278.15,2019-01-05,20:25:03
277.75,1037,80,277.15,278.15,2019-01-05,20:30:03
277.85,1037,80,277.15,278.15,2019-01-05,20:35:03
277.85,1037,80,277.15,278.15,2019-01-05,20:40:04
277.85,1037,80,277.15,278.15,2019-01-05,20:45:03
277.85,1037,80,277.15,278.15,2019-01-05,20:50:03
277.85,1037,80,277.15,278.15,2019-01-05,20:55:03
277.85,1037,80,277.15,278.15,2019-01-05,21:00:03
277.94,1037,80,277.15,279.15,2019-01-05,21:05:04
277.94,1037,80,277.15,279.15,2019-01-05,21:10:03
277.94,1037,80,277.15,279.15,2019-01-05,21:15:03
277.94,1037,80,277.15,279.15,2019-01-05,21:20:03
277.94,1037,80,277.15,279.15,2019-01-05,21:25:03
278.13,1037,75,277.15,279.15,2019-01-05,21:30:04
278.15,1037,75,277.15,279.15,2019-01-05,21:35:03
278.15,1037,75,277.15,279.15,2019-01-05,21:40:03
278.15,1037,75,277.15,279.15,2019-01-05,21:45:03
278.15,1037,75,277.15,279.15,2019-01-05,21:50:03
278.15,1037,75,277.15,279.15,2019-01-05,21:55:03
278.15,1037,75,277.15,279.15,2019-01-05,22:00:04
278.03,1038,80,277.15,278.15,2019-01-05,22:05:03
278.03,1038,80,277.15,278.15,2019-01-05,22:10:05
278.03,1038,80,277.15,278.15,2019-01-05,22:15:04
278.03,1038,80,277.15,278.15,2019-01-05,22:20:03
278.03,1038,80,277.15,278.15,2019-01-05,22:25:03
278.03,1038,80,277.15,278.15,2019-01-05,22:30:03
278.31,1038,75,278.15,279.15,2019-01-05,22:35:04
278.14,1038,75,277.15,279.15,2019-01-05,22:40:03
278.14,1038,75,277.15,279.15,2019-01-05,22:45:03
278.14,1038,75,277.15,279.15,2019-01-05,22:50:04
278.14,1038,75,277.15,279.15,2019-01-05,22:55:03
278.14,1038,75,277.15,279.15,2019-01-05,23:00:03
278.14,1038,75,277.15,279.15,2019-01-05,23:05:03
278.14,1038,75,277.15,279.15,2019-01-05,23:10:03
278.13,1038,75,277.15,279.15,2019-01-05,23:15:03
278.13,1038,75,277.15,279.15,2019-01-05,23:20:03
278.13,1038,75,277.15,279.15,2019-01-05,23:25:04
278.13,1038,75,277.15,279.15,2019-01-05,23:30:03
277.99,1038,80,277.15,278.15,2019-01-05,23:35:03
278.03,1038,80,277.15,278.15,2019-01-05,23:40:03
278.03,1038,80,277.15,278.15,2019-01-05,23:45:03
278.03,1038,80,277.15,278.15,2019-01-05,23:50:03
278.03,1038,80,277.15,278.15,2019-01-05,23:55:03
278.03,1036,80,277.15,278.15,2019-01-06,00:00:03
278.15,1037,80,277.15,279.15,2019-01-06,00:05:03
278.15,1037,80,277.15,279.15,2019-01-06,00:10:07
278.15,1037,80,277.15,279.15,2019-01-06,00:15:03
278.15,1037,80,277.15,279.15,2019-01-06,00:20:03
278.15,1037,80,277.15,279.15,2019-01-06,00:25:03
278.15,1037,80,277.15,279.15,2019-01-06,00:30:04
278.48,1037,70,277.15,280.15,2019-01-06,00:35:03
278.16,1037,80,277.15,279.15,2019-01-06,00:40:03
278.16,1037,80,277.15,279.15,2019-01-06,00:45:03
278.16,1037,80,277.15,279.15,2019-01-06,00:50:03
278.16,1037,80,277.15,279.15,2019-01-06,00:55:03
278.16,1037,80,277.15,279.15,2019-01-06,01:00:04
278.37,1037,75,278.15,279.15,2019-01-06,01:05:03
278.37,1037,75,278.15,279.15,2019-01-06,01:10:03
278.37,1037,75,278.15,279.15,2019-01-06,01:15:03
278.37,1037,75,278.15,279.15,2019-01-06,01:20:03
278.37,1037,75,278.15,279.15,2019-01-06,01:25:04
278.37,1037,75,278.15,279.15,2019-01-06,01:30:03
278.48,1037,75,278.15,279.15,2019-01-06,01:35:06
278.26,1037,75,277.15,279.15,2019-01-06,01:40:04
278.26,1037,75,277.15,279.15,2019-01-06,01:45:03
278.26,1037,75,277.15,279.15,2019-01-06,01:50:03
278.26,1037,75,277.15,279.15,2019-01-06,01:55:03
278.26,1037,75,277.15,279.15,2019-01-06,02:00:03
278.36,1037,75,277.15,279.15,2019-01-06,02:05:03
278.36,1037,75,277.15,279.15,2019-01-06,02:10:04
278.36,1037,75,277.15,279.15,2019-01-06,02:15:03
278.35,1037,75,277.15,279.15,2019-01-06,02:20:03
278.35,1037,75,277.15,279.15,2019-01-06,02:25:03
278.35,1037,75,277.15,279.15,2019-01-06,02:30:04
278.65,1037,75,278.15,279.15,2019-01-06,02:35:03
278.48,1037,75,278.15,279.15,2019-01-06,02:40:24
278.65,1037,75,278.15,279.15,2019-01-06,02:45:03
278.48,1037,75,278.15,279.15,2019-01-06,02:50:03
278.48,1037,75,278.15,279.15,2019-01-06,02:55:06
278.48,1037,75,278.15,279.15,2019-01-06,03:00:03
278.37,1037,81,278.15,279.15,2019-01-06,03:05:03
278.37,1037,81,278.15,279.15,2019-01-06,03:10:04
278.37,1037,81,278.15,279.15,2019-01-06,03:15:03
278.37,1037,81,278.15,279.15,2019-01-06,03:20:03
278.37,1037,81,278.15,279.15,2019-01-06,03:25:03
278.37,1037,81,278.15,279.15,2019-01-06,03:30:03
278.81,1036,70,278.15,280.15,2019-01-06,03:35:03
278.4,1037,81,278.15,279.15,2019-01-06,03:40:04
278.4,1037,81,278.15,279.15,2019-01-06,03:45:03
278.4,1037,81,278.15,279.15,2019-01-06,03:50:03
278.4,1037,81,278.15,279.15,2019-01-06,03:55:03
278.4,1037,81,278.15,279.15,2019-01-06,04:00:03
278.39,1037,81,278.15,279.15,2019-01-06,04:05:03
278.39,1037,81,278.15,279.15,2019-01-06,04:10:03
278.39,1037,81,278.15,279.15,2019-01-06,04:15:03
278.39,1037,81,278.15,279.15,2019-01-06,04:20:04
278.39,1037,81,278.15,279.15,2019-01-06,04:25:03
278.39,1037,81,278.15,279.15,2019-01-06,04:30:03
278.52,1036,81,278.15,279.15,2019-01-06,04:35:03
278.52,1036,81,278.15,279.15,2019-01-06,04:40:03
278.52,1036,81,278.15,279.15,2019-01-06,04:45:03
278.52,1036,81,278.15,279.15,2019-01-06,04:50:03
278.52,1036,81,278.15,279.15,2019-01-06,04:55:04
278.52,1036,81,278.15,279.15,2019-01-06,05:00:03
278.53,1036,81,278.15,279.15,2019-01-06,05:05:03
278.53,1036,81,278.15,279.15,2019-01-06,05:10:03
278.53,1036,81,278.15,279.15,2019-01-06,05:15:03
278.53,1036,81,278.15,279.15,2019-01-06,05:20:03
278.53,1036,81,278.15,279.15,2019-01-06,05:25:04
278.53,1036,81,278.15,279.15,2019-01-06,05:30:03
278.4,1036,81,278.15,279.15,2019-01-06,05:35:03
278.4,1036,81,278.15,279.15,2019-01-06,05:40:03
278.4,1036,81,278.15,279.15,2019-01-06,05:45:03
278.4,1036,81,278.15,279.15,2019-01-06,05:50:04
278.4,1036,81,278.15,279.15,2019-01-06,05:55:03
278.4,1036,81,278.15,279.15,2019-01-06,06:00:03
278.47,1036,81,278.15,279.15,2019-01-06,06:05:03
278.47,1036,81,278.15,279.15,2019-01-06,06:10:12
278.47,1036,81,278.15,279.15,2019-01-06,06:15:03
278.47,1036,81,278.15,279.15,2019-01-06,06:20:03
278.47,1036,81,278.15,279.15,2019-01-06,06:25:10
278.47,1036,81,278.15,279.15,2019-01-06,06:30:04
278.4,1036,81,278.15,279.15,2019-01-06,06:35:03
278.4,1036,81,278.15,279.15,2019-01-06,06:40:03
278.4,1036,81,278.15,279.15,2019-01-06,06:45:03
278.4,1036,81,278.15,279.15,2019-01-06,06:50:03
278.4,1036,81,278.15,279.15,2019-01-06,06:55:03
278.39,1036,81,278.15,279.15,2019-01-06,07:00:03
278.39,1036,81,278.15,279.15,2019-01-06,07:05:04
278.51,1035,81,278.15,279.15,2019-01-06,07:10:03
278.51,1035,81,278.15,279.15,2019-01-06,07:15:03
278.51,1035,81,278.15,279.15,2019-01-06,07:20:03
278.51,1035,81,278.15,279.15,2019-01-06,07:25:06
278.51,1035,81,278.15,279.15,2019-01-06,07:30:04
278.86,1035,75,278.15,280.15,2019-01-06,07:35:03
278.92,1035,75,278.15,280.15,2019-01-06,07:40:03
278.92,1035,75,278.15,280.15,2019-01-06,07:45:03
278.92,1035,75,278.15,280.15,2019-01-06,07:50:03
278.92,1035,75,278.15,280.15,2019-01-06,07:55:04
278.92,1035,75,278.15,280.15,2019-01-06,08:00:03
278.92,1035,75,278.15,280.15,2019-01-06,08:05:03
278.75,1036,81,278.15,279.15,2019-01-06,08:10:10
278.75,1036,81,278.15,279.15,2019-01-06,08:15:03
278.75,1036,81,278.15,279.15,2019-01-06,08:20:03
278.75,1036,81,278.15,279.15,2019-01-06,08:25:03
278.75,1036,81,278.15,279.15,2019-01-06,08:30:03
278.75,1036,81,278.15,279.15,2019-01-06,08:35:04
278.85,1036,86,278.15,279.15,2019-01-06,08:40:03
278.85,1036,86,278.15,279.15,2019-01-06,08:45:03
278.85,1036,86,278.15,279.15,2019-01-06,08:50:03
278.85,1036,86,278.15,279.15,2019-01-06,08:55:03
278.85,1036,86,278.15,279.15,2019-01-06,09:00:03
278.76,1035,86,278.15,279.15,2019-01-06,09:05:04
278.75,1036,81,278.15,279.15,2019-01-06,09:10:03
278.75,1036,81,278.15,279.15,2019-01-06,09:15:03
278.75,1036,81,278.15,279.15,2019-01-06,09:20:03
278.75,1036,81,278.15,279.15,2019-01-06,09:25:03
278.75,1036,81,278.15,279.15,2019-01-06,09:30:03
279.15,1036,86,278.15,280.15,2019-01-06,09:35:04
279.15,1036,86,278.15,280.15,2019-01-06,09:40:03
279.15,1036,86,278.15,280.15,2019-01-06,09:45:03
279.15,1036,86,278.15,280.15,2019-01-06,09:50:03
279.15,1036,86,278.15,280.15,2019-01-06,09:55:03
279.15,1036,86,278.15,280.15,2019-01-06,10:00:03
279.35,1036,81,278.15,280.15,2019-01-06,10:05:03
279.35,1036,81,278.15,280.15,2019-01-06,10:10:04
279.35,1036,81,278.15,280.15,2019-01-06,10:15:03
279.35,1036,81,278.15,280.15,2019-01-06,10:20:03
279.35,1036,81,278.15,280.15,2019-01-06,10:25:03
279.35,1036,81,278.15,280.15,2019-01-06,10:30:03
279.55,1036,81,279.15,280.15,2019-01-06,10:35:04
279.55,1036,81,279.15,280.15,2019-01-06,10:40:03
279.55,1036,81,279.15,280.15,2019-01-06,10:45:03
279.55,1036,81,279.15,280.15,2019-01-06,10:50:03
279.55,1036,81,279.15,280.15,2019-01-06,10:55:03
279.55,1036,81,279.15,280.15,2019-01-06,11:00:04
279.96,1036,75,279.15,281.15,2019-01-06,11:05:03
280.14,1036,75,279.15,281.15,2019-01-06,11:10:03
280.14,1036,75,279.15,281.15,2019-01-06,11:15:04
280.14,1036,75,279.15,281.15,2019-01-06,11:20:03
280.13,1036,75,279.15,281.15,2019-01-06,11:25:03
280.13,1036,75,279.15,281.15,2019-01-06,11:30:03
280.7,1036,75,280.15,281.15,2019-01-06,11:35:03
280.6,1036,75,280.15,281.15,2019-01-06,11:40:03
280.6,1036,75,280.15,281.15,2019-01-06,11:45:03
280.6,1036,75,280.15,281.15,2019-01-06,11:50:04
280.6,1036,75,280.15,281.15,2019-01-06,11:55:03
280.6,1036,75,280.15,281.15,2019-01-06,12:00:18
280.96,1036,70,280.15,282.15,2019-01-06,12:05:03
281.05,1036,70,280.15,282.15,2019-01-06,12:10:06
281.05,1036,70,280.15,282.15,2019-01-06,12:15:08
281.05,1036,70,280.15,282.15,2019-01-06,12:20:03
281.04,1036,70,280.15,282.15,2019-01-06,12:25:03
281.04,1036,70,280.15,282.15,2019-01-06,12:30:04
281.15,1036,76,280.15,282.15,2019-01-06,12:35:03
281.15,1036,76,280.15,282.15,2019-01-06,12:40:03
281.15,1036,76,280.15,282.15,2019-01-06,12:45:03
281.15,1036,76,280.15,282.15,2019-01-06,12:50:03
281.15,1036,76,280.15,282.15,2019-01-06,12:55:03
281.15,1036,76,280.15,282.15,2019-01-06,13:00:04
281.24,1036,76,280.15,282.15,2019-01-06,13:05:03
281.24,1036,76,280.15,282.15,2019-01-06,13:10:03
281.24,1036,76,280.15,282.15,2019-01-06,13:15:03
281.24,1036,76,280.15,282.15,2019-01-06,13:20:03
281.24,1036,76,280.15,282.15,2019-01-06,13:25:03
281.24,1036,76,280.15,282.15,2019-01-06,13:30:03
281.92,1036,71,281.15,283.15,2019-01-06,13:35:03
281.78,1036,71,281.15,283.15,2019-01-06,13:40:03
281.92,1036,71,281.15,283.15,2019-01-06,13:45:03
281.78,1036,71,281.15,283.15,2019-01-06,13:50:03
281.78,1036,71,281.15,283.15,2019-01-06,13:55:03
281.78,1036,71,281.15,283.15,2019-01-06,14:00:03
281.87,1035,76,281.15,283.15,2019-01-06,14:05:04
282.06,1036,71,281.15,283.15,2019-01-06,14:10:08
282.06,1036,71,281.15,283.15,2019-01-06,14:15:03
282.06,1036,71,281.15,283.15,2019-01-06,14:20:03
282.06,1036,71,281.15,283.15,2019-01-06,14:25:04
282.06,1036,71,281.15,283.15,2019-01-06,14:30:03
282.06,1036,71,281.15,283.15,2019-01-06,14:35:03
282.06,1036,71,281.15,283.15,2019-01-06,14:40:03
282.06,1036,71,281.15,283.15,2019-01-06,14:45:03
282.06,1036,71,281.15,283.15,2019-01-06,14:50:03
282.06,1036,71,281.15,283.15,2019-01-06,14:55:03
282.06,1036,71,281.15,283.15,2019-01-06,15:00:04
282.06,1036,71,281.15,283.15,2019-01-06,15:05:03
282.06,1036,71,281.15,283.15,2019-01-06,15:10:03
282.06,1036,71,281.15,283.15,2019-01-06,15:15:03
282.06,1036,71,281.15,283.15,2019-01-06,15:20:03
282.06,1036,71,281.15,283.15,2019-01-06,15:25:03
282.06,1036,71,281.15,283.15,2019-01-06,15:30:04
282.06,1036,71,281.15,283.15,2019-01-06,15:35:04
282.06,1036,71,281.15,283.15,2019-01-06,15:40:03
282.06,1036,71,281.15,283.15,2019-01-06,15:45:03
282.06,1036,71,281.15,283.15,2019-01-06,15:50:03
282.06,1036,71,281.15,283.15,2019-01-06,15:55:03
282.06,1036,71,281.15,283.15,2019-01-06,16:00:04
282.06,1036,71,281.15,283.15,2019-01-06,16:05:03
282.06,1036,71,281.15,283.15,2019-01-06,16:10:03
282.06,1036,71,281.15,283.15,2019-01-06,16:15:03
282.06,1036,71,281.15,283.15,2019-01-06,16:20:03
282.06,1036,71,281.15,283.15,2019-01-06,16:25:03
282.06,1036,71,281.15,283.15,2019-01-06,16:30:04
281.92,1036,76,281.15,283.15,2019-01-06,16:35:03
281.97,1036,76,281.15,283.15,2019-01-06,16:40:03
281.92,1036,76,281.15,283.15,2019-01-06,16:45:03
281.97,1036,76,281.15,283.15,2019-01-06,16:50:03
281.97,1036,76,281.15,283.15,2019-01-06,16:55:03
281.97,1036,76,281.15,283.15,2019-01-06,17:00:03
281.79,1037,76,281.15,283.15,2019-01-06,17:05:04
281.79,1037,76,281.15,283.15,2019-01-06,17:10:04
281.79,1037,76,281.15,283.15,2019-01-06,17:15:03
281.79,1037,76,281.15,283.15,2019-01-06,17:20:03
281.79,1037,76,281.15,283.15,2019-01-06,17:25:03
281.79,1037,76,281.15,283.15,2019-01-06,17:30:04
281.81,1037,76,281.15,283.15,2019-01-06,17:35:04
281.69,1037,76,281.15,283.15,2019-01-06,17:40:03
281.69,1037,76,281.15,283.15,2019-01-06,17:45:03
281.68,1037,76,281.15,283.15,2019-01-06,17:50:03
281.68,1037,76,281.15,283.15,2019-01-06,17:55:03
281.68,1037,76,281.15,283.15,2019-01-06,18:00:04
281.33,1037,76,280.15,283.15,2019-01-06,18:05:04
281.33,1037,76,280.15,283.15,2019-01-06,18:10:09
281.33,1037,76,280.15,283.15,2019-01-06,18:15:03
281.33,1037,76,280.15,283.15,2019-01-06,18:20:03
281.33,1037,76,280.15,283.15,2019-01-06,18:25:03
281.32,1037,76,280.15,283.15,2019-01-06,18:30:04
281.34,1037,76,280.15,283.15,2019-01-06,18:35:03
281.34,1037,76,280.15,283.15,2019-01-06,18:40:03
281.34,1037,76,280.15,283.15,2019-01-06,18:45:04
281.34,1037,76,280.15,283.15,2019-01-06,18:50:03
281.34,1037,76,280.15,283.15,2019-01-06,18:55:03
281.34,1037,76,280.15,283.15,2019-01-06,19:00:03
281.33,1037,76,280.15,283.15,2019-01-06,19:05:03
281.34,1037,76,280.15,283.15,2019-01-06,19:10:03
281.34,1037,76,280.15,283.15,2019-01-06,19:15:04
281.34,1037,76,280.15,283.15,2019-01-06,19:20:03
281.34,1037,76,280.15,283.15,2019-01-06,19:25:03
281.34,1037,76,280.15,283.15,2019-01-06,19:30:03
281.25,1037,76,280.15,283.15,2019-01-06,19:35:03
281.24,1037,76,280.15,283.15,2019-01-06,19:40:04
281.24,1037,76,280.15,283.15,2019-01-06,19:45:03
281.24,1037,76,280.15,283.15,2019-01-06,19:50:06
281.24,1037,76,280.15,283.15,2019-01-06,19:55:04
281.24,1037,76,280.15,283.15,2019-01-06,20:00:03
281.34,1037,76,280.15,283.15,2019-01-06,20:05:04
281.24,1037,76,279.15,283.15,2019-01-06,20:10:03
281.24,1037,76,279.15,283.15,2019-01-06,20:15:03
281.24,1037,76,279.15,283.15,2019-01-06,20:20:03
281.24,1037,76,279.15,283.15,2019-01-06,20:25:04
281.24,1037,76,279.15,283.15,2019-01-06,20:30:03
281.39,1037,81,280.15,282.15,2019-01-06,20:35:03
280.96,1037,81,279.15,282.15,2019-01-06,20:40:03
280.96,1037,81,279.15,282.15,2019-01-06,20:45:03
280.96,1037,81,279.15,282.15,2019-01-06,20:50:03
280.96,1037,81,279.15,282.15,2019-01-06,20:55:03
280.96,1037,81,279.15,282.15,2019-01-06,21:00:04
280.84,1037,81,279.15,282.15,2019-01-06,21:05:03
280.84,1037,81,279.15,282.15,2019-01-06,21:10:03
280.84,1037,81,279.15,282.15,2019-01-06,21:15:03
280.83,1037,81,279.15,282.15,2019-01-06,21:20:03
280.83,1037,81,279.15,282.15,2019-01-06,21:25:04
280.83,1037,81,279.15,282.15,2019-01-06,21:30:03
280.69,1037,81,279.15,282.15,2019-01-06,21:35:03
280.83,1037,81,279.15,282.15,2019-01-06,21:40:04
280.64,1037,81,279.15,282.15,2019-01-06,21:45:03
280.64,1037,81,279.15,282.15,2019-01-06,21:50:03
280.64,1037,81,279.15,282.15,2019-01-06,21:55:03
280.64,1037,81,279.15,282.15,2019-01-06,22:00:03
280.63,1037,81,279.15,282.15,2019-01-06,22:05:04
280.63,1037,81,279.15,282.15,2019-01-06,22:10:03
280.63,1037,81,279.15,282.15,2019-01-06,22:15:03
280.63,1037,81,279.15,282.15,2019-01-06,22:20:03
280.63,1037,81,279.15,282.15,2019-01-06,22:25:03
280.63,1037,81,279.15,282.15,2019-01-06,22:30:03
280.92,1037,81,280.15,282.15,2019-01-06,22:35:04
280.92,1037,81,280.15,282.15,2019-01-06,22:40:03
280.92,1037,81,280.15,282.15,2019-01-06,22:45:08
280.92,1037,81,280.15,282.15,2019-01-06,22:50:03
280.92,1037,81,280.15,282.15,2019-01-06,22:55:03
280.92,1037,81,280.15,282.15,2019-01-06,23:00:03
280.92,1037,81,280.15,282.15,2019-01-06,23:05:04
280.64,1037,81,279.15,282.15,2019-01-06,23:10:03
280.64,1037,81,279.15,282.15,2019-01-06,23:15:03
280.63,1037,81,279.15,282.15,2019-01-06,23:20:03
280.63,1037,81,279.15,282.15,2019-01-06,23:25:03
280.63,1037,81,279.15,282.15,2019-01-06,23:30:03
280.15,1037,87,279.15,281.15,2019-01-06,23:35:03
280.15,1037,87,279.15,281.15,2019-01-06,23:40:04
280.15,1037,87,279.15,281.15,2019-01-06,23:45:03
280.15,1037,87,279.15,281.15,2019-01-06,23:50:03
280.15,1037,87,279.15,281.15,2019-01-06,23:55:03
280.15,1037,87,279.15,281.15,2019-01-07,00:00:03
280.27,1037,81,279.15,281.15,2019-01-07,00:05:03
280.27,1037,81,279.15,281.15,2019-01-07,00:10:04
280.26,1037,81,279.15,281.15,2019-01-07,00:15:03
280.26,1037,81,279.15,281.15,2019-01-07,00:20:03
280.26,1037,81,279.15,281.15,2019-01-07,00:25:03
280.26,1037,81,279.15,281.15,2019-01-07,00:30:03
280.37,1037,81,279.15,282.15,2019-01-07,00:35:03
280.37,1037,81,279.15,282.15,2019-01-07,00:40:04
280.37,1037,81,279.15,282.15,2019-01-07,00:45:03
280.37,1037,81,279.15,282.15,2019-01-07,00:50:03
280.37,1037,81,279.15,282.15,2019-01-07,00:55:03
280.37,1037,81,279.15,282.15,2019-01-07,01:00:04
280.26,1037,81,279.15,282.15,2019-01-07,01:05:03
280.26,1037,81,279.15,282.15,2019-01-07,01:10:03
280.26,1037,81,279.15,282.15,2019-01-07,01:15:03
280.26,1037,81,279.15,282.15,2019-01-07,01:20:03
280.26,1037,81,279.15,282.15,2019-01-07,01:25:03
280.26,1037,81,279.15,282.15,2019-01-07,01:30:04
280.47,1036,81,279.15,282.15,2019-01-07,01:35:03
280.47,1036,81,279.15,282.15,2019-01-07,01:40:04
280.47,1036,81,279.15,282.15,2019-01-07,01:45:03
280.47,1036,81,279.15,282.15,2019-01-07,01:50:03
280.47,1036,81,279.15,282.15,2019-01-07,01:55:03
280.47,1036,81,279.15,282.15,2019-01-07,02:00:03
280.51,1036,81,279.15,282.15,2019-01-07,02:05:03
280.51,1036,81,279.15,282.15,2019-01-07,02:10:04
280.51,1036,81,279.15,282.15,2019-01-07,02:15:03
280.51,1036,81,279.15,282.15,2019-01-07,02:20:03
280.51,1036,81,279.15,282.15,2019-01-07,02:25:03
280.51,1036,87,279.15,282.15,2019-01-07,02:30:04
280.76,1036,81,279.15,282.15,2019-01-07,02:35:03
280.76,1036,81,279.15,282.15,2019-01-07,02:40:03
280.76,1036,81,279.15,282.15,2019-01-07,02:45:03
280.76,1036,81,279.15,282.15,2019-01-07,02:50:03
280.76,1036,81,279.15,282.15,2019-01-07,02:55:03
280.76,1036,81,279.15,282.15,2019-01-07,03:00:03
280.69,1036,81,279.15,282.15,2019-01-07,03:05:03
280.75,1036,81,279.15,282.15,2019-01-07,03:10:03
280.69,1036,81,279.15,282.15,2019-01-07,03:15:03
280.74,1036,81,279.15,282.15,2019-01-07,03:20:03
280.74,1036,81,279.15,282.15,2019-01-07,03:25:03
280.74,1036,81,279.15,282.15,2019-01-07,03:30:04
280.93,1036,81,280.15,282.15,2019-01-07,03:35:03
280.89,1036,81,280.15,282.15,2019-01-07,03:40:03
280.89,1036,81,280.15,282.15,2019-01-07,03:45:03
280.89,1036,81,280.15,282.15,2019-01-07,03:50:03
280.89,1036,81,280.15,282.15,2019-01-07,03:55:03
280.89,1036,81,280.15,282.15,2019-01-07,04:00:04
280.76,1036,81,280.15,282.15,2019-01-07,04:05:03
280.76,1036,81,280.15,282.15,2019-01-07,04:10:03
280.76,1036,81,280.15,282.15,2019-01-07,04:15:03
280.76,1036,81,280.15,282.15,2019-01-07,04:20:03
280.76,1036,81,280.15,282.15,2019-01-07,04:25:04
280.76,1036,81,280.15,282.15,2019-01-07,04:30:03
280.7,1036,81,279.15,282.15,2019-01-07,04:35:03
280.7,1036,81,279.15,282.15,2019-01-07,04:40:03
280.7,1036,81,279.15,282.15,2019-01-07,04:45:03
280.7,1036,81,279.15,282.15,2019-01-07,04:50:04
280.7,1036,81,279.15,282.15,2019-01-07,04:55:03
280.7,1036,81,279.15,282.15,2019-01-07,05:00:03
280.92,1035,81,279.15,282.15,2019-01-07,05:05:03
280.92,1035,81,279.15,282.15,2019-01-07,05:10:03
280.92,1035,81,279.15,282.15,2019-01-07,05:15:03
280.92,1035,81,279.15,282.15,2019-01-07,05:20:03
280.92,1035,81,279.15,282.15,2019-01-07,05:25:03
280.92,1035,81,279.15,282.15,2019-01-07,05:30:03
281.26,1035,81,280.15,282.15,2019-01-07,05:35:04
281.26,1035,81,280.15,282.15,2019-01-07,05:40:06
281.26,1035,81,280.15,282.15,2019-01-07,05:45:04
281.26,1035,81,280.15,282.15,2019-01-07,05:50:03
281.26,1035,81,280.15,282.15,2019-01-07,05:55:03
281.26,1035,81,280.15,282.15,2019-01-07,06:00:03
281.15,1035,76,280.15,282.15,2019-01-07,06:05:04
281.15,1035,76,280.15,282.15,2019-01-07,06:10:04
281.15,1035,76,280.15,282.15,2019-01-07,06:15:03
281.14,1035,76,280.15,282.15,2019-01-07,06:20:03
281.14,1035,76,280.15,282.15,2019-01-07,06:25:07
281.14,1035,76,280.15,282.15,2019-01-07,06:30:03
280.77,1035,76,279.15,282.15,2019-01-07,06:35:03
280.92,1035,76,280.15,282.15,2019-01-07,06:40:05
280.92,1035,76,280.15,282.15,2019-01-07,06:45:04
280.92,1035,76,280.15,282.15,2019-01-07,06:50:03
280.92,1035,76,280.15,282.15,2019-01-07,06:55:03
280.92,1035,76,280.15,282.15,2019-01-07,07:00:05
280.69,1034,76,279.15,282.15,2019-01-07,07:05:03
280.69,1034,76,279.15,282.15,2019-01-07,07:10:03
280.69,1034,76,279.15,282.15,2019-01-07,07:15:04
280.69,1034,76,279.15,282.15,2019-01-07,07:20:07
280.69,1034,76,279.15,282.15,2019-01-07,07:25:03
280.69,1034,76,279.15,282.15,2019-01-07,07:30:03
280.79,1034,76,280.15,282.15,2019-01-07,07:35:03
280.79,1034,76,280.15,282.15,2019-01-07,07:40:04
280.79,1034,76,280.15,282.15,2019-01-07,07:45:03
280.79,1034,76,280.15,282.15,2019-01-07,07:50:03
280.79,1034,76,280.15,282.15,2019-01-07,07:55:03
280.79,1034,76,280.15,282.15,2019-01-07,08:00:04
280.87,1034,76,280.15,282.15,2019-01-07,08:05:03
280.87,1034,76,280.15,282.15,2019-01-07,08:10:04
280.87,1034,76,280.15,282.15,2019-01-07,08:15:03
280.87,1034,76,280.15,282.15,2019-01-07,08:20:03
280.87,1034,76,280.15,282.15,2019-01-07,08:25:03
280.87,1034,76,280.15,282.15,2019-01-07,08:30:04
281.05,1034,76,280.15,282.15,2019-01-07,08:35:03
281.06,1034,76,280.15,282.15,2019-01-07,08:40:03
281.06,1034,76,280.15,282.15,2019-01-07,08:45:03
281.06,1034,76,280.15,282.15,2019-01-07,08:50:03
281.06,1034,76,280.15,282.15,2019-01-07,08:55:03
281.06,1034,76,280.15,282.15,2019-01-07,09:00:03
280.95,1034,87,280.15,282.15,2019-01-07,09:05:03
280.95,1034,76,280.15,282.15,2019-01-07,09:10:03
280.95,1034,76,280.15,282.15,2019-01-07,09:15:03
280.95,1034,76,280.15,282.15,2019-01-07,09:20:04
280.95,1034,76,280.15,282.15,2019-01-07,09:25:03
280.95,1034,76,280.15,282.15,2019-01-07,09:30:03
281.05,1034,76,280.15,282.15,2019-01-07,09:35:03
281.06,1034,76,280.15,282.15,2019-01-07,09:40:07
281.06,1034,76,280.15,282.15,2019-01-07,09:45:03
281.06,1034,76,280.15,282.15,2019-01-07,09:50:03
281.06,1034,76,280.15,282.15,2019-01-07,09:55:03
281.06,1034,76,280.15,282.15,2019-01-07,10:00:03
281.32,1033,76,280.15,282.15,2019-01-07,10:05:03
281.51,1033,76,281.15,282.15,2019-01-07,10:10:06
281.51,1033,76,281.15,282.15,2019-01-07,10:15:03
281.51,1033,76,281.15,282.15,2019-01-07,10:20:04
281.51,1033,76,281.15,282.15,2019-01-07,10:25:03
281.51,1033,76,281.15,282.15,2019-01-07,10:30:03
281.45,1033,81,281.15,282.15,2019-01-07,10:35:03
281.55,1033,81,281.15,282.15,2019-01-07,10:40:03
281.55,1033,81,281.15,282.15,2019-01-07,10:45:03
281.55,1033,81,281.15,282.15,2019-01-07,10:50:04
281.55,1033,81,281.15,282.15,2019-01-07,10:55:04
281.55,1033,81,281.15,282.15,2019-01-07,11:00:03
281.85,1033,87,281.15,282.15,2019-01-07,11:05:03
282.15,1033,76,281.15,283.15,2019-01-07,11:10:03
282.15,1033,76,281.15,283.15,2019-01-07,11:15:03
282.15,1033,76,281.15,283.15,2019-01-07,11:20:03
282.15,1033,76,281.15,283.15,2019-01-07,11:25:03
282.15,1033,76,281.15,283.15,2019-01-07,11:30:03
282.24,1032,76,281.15,283.15,2019-01-07,11:35:03
282.24,1032,76,281.15,283.15,2019-01-07,11:40:03
282.24,1032,76,281.15,283.15,2019-01-07,11:45:03
282.24,1032,76,281.15,283.15,2019-01-07,11:50:04
282.24,1032,76,281.15,283.15,2019-01-07,11:55:03
282.24,1032,76,281.15,283.15,2019-01-07,12:00:05
282.33,1032,76,281.15,283.15,2019-01-07,12:05:03
282.65,1032,76,282.15,283.15,2019-01-07,12:10:10
282.65,1032,76,282.15,283.15,2019-01-07,12:15:03
282.65,1032,76,282.15,283.15,2019-01-07,12:20:04
282.65,1032,76,282.15,283.15,2019-01-07,12:25:03
282.65,1032,76,282.15,283.15,2019-01-07,12:30:04
282.65,1031,81,282.15,283.15,2019-01-07,12:35:03
282.65,1031,81,282.15,283.15,2019-01-07,12:40:04
282.65,1031,81,282.15,283.15,2019-01-07,12:45:04
282.65,1031,81,282.15,283.15,2019-01-07,12:50:03
282.65,1031,81,282.15,283.15,2019-01-07,12:55:03
282.65,1031,81,282.15,283.15,2019-01-07,13:00:04
282.65,1031,87,282.15,283.15,2019-01-07,13:05:03
282.65,1031,87,282.15,283.15,2019-01-07,13:10:03
282.65,1031,87,282.15,283.15,2019-01-07,13:15:03
282.65,1031,87,282.15,283.15,2019-01-07,13:20:04
282.65,1031,87,282.15,283.15,2019-01-07,13:25:03
282.65,1031,87,282.15,283.15,2019-01-07,13:30:03
282.95,1031,87,282.15,283.15,2019-01-07,13:35:03
282.95,1031,87,282.15,283.15,2019-01-07,13:40:03
282.95,1031,87,282.15,283.15,2019-01-07,13:45:03
282.95,1031,87,282.15,283.15,2019-01-07,13:50:03
282.95,1031,87,282.15,283.15,2019-01-07,13:55:03
282.95,1031,87,282.15,283.15,2019-01-07,14:00:05
283.05,1030,81,282.15,284.15,2019-01-07,14:05:03
283.05,1030,81,282.15,284.15,2019-01-07,14:10:04
283.05,1030,81,282.15,284.15,2019-01-07,14:15:03
283.05,1030,81,282.15,284.15,2019-01-07,14:20:03
283.05,1030,81,282.15,284.15,2019-01-07,14:25:04
283.05,1030,81,282.15,284.15,2019-01-07,14:30:03
282.95,1030,87,282.15,283.15,2019-01-07,14:35:03
282.95,1030,87,282.15,283.15,2019-01-07,14:40:03
282.95,1030,87,282.15,283.15,2019-01-07,14:45:03
282.95,1030,87,282.15,283.15,2019-01-07,14:50:03
282.95,1030,87,282.15,283.15,2019-01-07,14:55:04
282.95,1030,87,282.15,283.15,2019-01-07,15:00:03
283.45,1029,81,283.15,284.15,2019-01-07,15:05:03
283.45,1029,81,283.15,284.15,2019-01-07,15:10:03
283.45,1029,81,283.15,284.15,2019-01-07,15:15:03
283.45,1029,81,283.15,284.15,2019-01-07,15:20:03
283.45,1029,81,283.15,284.15,2019-01-07,15:25:03
283.45,1029,81,283.15,284.15,2019-01-07,15:30:04
283.45,1029,81,283.15,284.15,2019-01-07,15:35:03
283.45,1029,81,283.15,284.15,2019-01-07,15:40:03
283.45,1029,81,283.15,284.15,2019-01-07,15:45:03
283.45,1029,81,283.15,284.15,2019-01-07,15:50:03
283.45,1029,81,283.15,284.15,2019-01-07,15:55:03
283.45,1029,81,283.15,284.15,2019-01-07,16:00:06
283.55,1029,81,283.15,284.15,2019-01-07,16:05:03
283.55,1029,81,283.15,284.15,2019-01-07,16:10:05
283.55,1029,81,283.15,284.15,2019-01-07,16:15:04
283.55,1029,81,283.15,284.15,2019-01-07,16:20:03
283.55,1029,81,283.15,284.15,2019-01-07,16:25:03
283.55,1029,81,283.15,284.15,2019-01-07,16:30:03
283.55,1029,81,283.15,284.15,2019-01-07,16:35:04
283.55,1029,81,283.15,284.15,2019-01-07,16:40:03
283.65,1029,81,283.15,284.15,2019-01-07,16:45:03
283.65,1029,81,283.15,284.15,2019-01-07,16:50:03
283.65,1029,81,283.15,284.15,2019-01-07,16:55:03
283.65,1029,81,283.15,284.15,2019-01-07,17:00:03
283.65,1028,87,283.15,284.15,2019-01-07,17:05:04
283.65,1028,87,283.15,284.15,2019-01-07,17:10:03
283.65,1028,87,283.15,284.15,2019-01-07,17:15:03
283.65,1028,87,283.15,284.15,2019-01-07,17:20:03
283.65,1028,87,283.15,284.15,2019-01-07,17:25:03
283.65,1028,87,283.15,284.15,2019-01-07,17:30:04
283.51,1027,87,282.15,284.15,2019-01-07,17:35:03
283.51,1027,87,282.15,284.15,2019-01-07,17:40:03
283.51,1027,87,282.15,284.15,2019-01-07,17:45:03
283.51,1027,87,282.15,284.15,2019-01-07,17:50:03
283.51,1027,87,282.15,284.15,2019-01-07,17:55:03
283.75,1027,81,283.15,284.15,2019-01-07,18:05:03
283.75,1027,81,283.15,284.15,2019-01-07,18:10:03
283.75,1027,81,283.15,284.15,2019-01-07,18:15:03
283.75,1027,81,283.15,284.15,2019-01-07,18:20:04
283.75,1027,81,283.15,284.15,2019-01-07,18:25:03
283.75,1027,81,283.15,284.15,2019-01-07,18:30:03
283.45,1027,81,283.15,284.15,2019-01-07,18:35:06
283.45,1027,81,283.15,284.15,2019-01-07,18:40:03
283.45,1027,81,283.15,284.15,2019-01-07,18:45:03
283.45,1027,81,283.15,284.15,2019-01-07,18:50:03
283.45,1027,81,283.15,284.15,2019-01-07,18:55:03
283.45,1027,81,283.15,284.15,2019-01-07,19:00:03
283.35,1026,93,282.15,284.15,2019-01-07,19:05:03
283.6,1027,76,282.15,285.15,2019-01-07,19:10:03
283.6,1027,76,282.15,285.15,2019-01-07,19:15:03
283.6,1027,76,282.15,285.15,2019-01-07,19:20:03
283.6,1027,76,282.15,285.15,2019-01-07,19:25:03
283.6,1027,76,282.15,285.15,2019-01-07,19:30:03
283.45,1028,81,283.15,284.15,2019-01-07,19:35:03
283.45,1028,81,283.15,284.15,2019-01-07,19:40:03
283.45,1028,81,283.15,284.15,2019-01-07,19:45:03
283.45,1028,81,283.15,284.15,2019-01-07,19:50:03
283.45,1028,81,283.15,284.15,2019-01-07,19:55:03
283.45,1028,81,283.15,284.15,2019-01-07,20:00:03
283.55,1027,81,283.15,284.15,2019-01-07,20:05:03
283.55,1027,81,283.15,284.15,2019-01-07,20:10:03
283.55,1027,81,283.15,284.15,2019-01-07,20:15:03
283.55,1027,81,283.15,284.15,2019-01-07,20:20:03
283.55,1027,81,283.15,284.15,2019-01-07,20:25:04
283.55,1027,81,283.15,284.15,2019-01-07,20:30:03
283.55,1027,81,283.15,284.15,2019-01-07,20:35:03
283.55,1027,81,283.15,284.15,2019-01-07,20:40:03
283.55,1027,81,283.15,284.15,2019-01-07,20:45:03
283.55,1027,81,283.15,284.15,2019-01-07,20:50:03
283.55,1027,81,283.15,284.15,2019-01-07,20:55:04
283.55,1027,81,283.15,284.15,2019-01-07,21:00:05
283.45,1027,81,283.15,284.15,2019-01-07,21:05:03
283.45,1027,81,283.15,284.15,2019-01-07,21:10:03
283.45,1027,81,283.15,284.15,2019-01-07,21:15:04
283.45,1027,81,283.15,284.15,2019-01-07,21:20:03
283.45,1027,81,283.15,284.15,2019-01-07,21:25:03
283.45,1027,81,283.15,284.15,2019-01-07,21:30:04
283.05,1026,76,282.15,284.15,2019-01-07,21:35:03
283.06,1026,76,282.15,284.15,2019-01-07,21:40:03
283.06,1026,76,282.15,284.15,2019-01-07,21:45:03
283.06,1026,76,282.15,284.15,2019-01-07,21:50:04
283.06,1026,76,282.15,284.15,2019-01-07,21:55:03
283.06,1026,76,282.15,284.15,2019-01-07,22:00:05
282.87,1026,76,282.15,284.15,2019-01-07,22:05:03
282.87,1026,76,282.15,284.15,2019-01-07,22:10:03
282.87,1026,76,282.15,284.15,2019-01-07,22:15:03
282.87,1026,76,282.15,284.15,2019-01-07,22:20:03
282.87,1026,76,282.15,284.15,2019-01-07,22:25:03
282.87,1026,76,282.15,284.15,2019-01-07,22:30:03
282.51,1026,76,281.15,284.15,2019-01-07,22:35:04
282.51,1026,76,281.15,284.15,2019-01-07,22:40:03
282.51,1026,76,281.15,284.15,2019-01-07,22:45:03
282.51,1026,76,281.15,284.15,2019-01-07,22:50:03
282.51,1026,76,281.15,284.15,2019-01-07,22:55:03
282.51,1026,76,281.15,284.15,2019-01-07,23:00:04
282.59,1026,76,281.15,284.15,2019-01-07,23:05:03
282.59,1026,76,281.15,284.15,2019-01-07,23:10:03
282.59,1026,76,281.15,284.15,2019-01-07,23:15:03
282.59,1026,76,281.15,284.15,2019-01-07,23:20:03
282.59,1026,76,281.15,284.15,2019-01-07,23:25:03
282.59,1026,76,281.15,284.15,2019-01-07,23:30:11
282.15,1027,71,280.15,283.15,2019-01-07,23:35:03
282.15,1027,71,280.15,283.15,2019-01-07,23:40:03
282.15,1027,71,280.15,283.15,2019-01-07,23:45:03
282.15,1027,71,280.15,283.15,2019-01-07,23:50:03
282.15,1027,71,280.15,283.15,2019-01-07,23:55:03
282.15,1027,71,280.15,283.15,2019-01-08,00:00:05
282.15,1027,71,280.15,283.15,2019-01-08,00:05:03
281.76,1027,61,280.15,283.15,2019-01-08,00:10:03
281.76,1027,61,280.15,283.15,2019-01-08,00:15:03
281.76,1027,61,280.15,283.15,2019-01-08,00:20:04
281.76,1027,61,280.15,283.15,2019-01-08,00:25:03
281.76,1027,61,280.15,283.15,2019-01-08,00:30:03
281.36,1027,61,280.15,283.15,2019-01-08,00:35:03
281.36,1027,61,280.15,283.15,2019-01-08,00:40:03
281.36,1027,61,280.15,283.15,2019-01-08,00:45:03
281.36,1027,61,280.15,283.15,2019-01-08,00:50:04
281.36,1027,61,280.15,283.15,2019-01-08,00:55:03
281.36,1027,61,280.15,283.15,2019-01-08,01:00:03
281.36,1027,61,280.15,283.15,2019-01-08,01:05:03
281.15,1027,61,280.15,282.15,2019-01-08,01:10:03
281.15,1027,61,280.15,282.15,2019-01-08,01:15:03
281.15,1027,61,280.15,282.15,2019-01-08,01:20:03
281.15,1027,61,280.15,282.15,2019-01-08,01:25:03
281.15,1027,61,280.15,282.15,2019-01-08,01:30:03
280.92,1026,61,280.15,282.15,2019-01-08,01:35:03
280.92,1026,61,280.15,282.15,2019-01-08,01:40:04
280.92,1026,61,280.15,282.15,2019-01-08,01:45:03
280.92,1026,61,280.15,282.15,2019-01-08,01:50:03
280.92,1026,61,280.15,282.15,2019-01-08,01:55:03
280.92,1026,61,280.15,282.15,2019-01-08,02:00:03
281.01,1026,61,280.15,282.15,2019-01-08,02:05:03
281.01,1026,61,280.15,282.15,2019-01-08,02:10:03
281.01,1026,61,280.15,282.15,2019-01-08,02:15:03
281.01,1026,61,280.15,282.15,2019-01-08,02:20:03
281.01,1026,61,280.15,282.15,2019-01-08,02:25:03
281.01,1026,61,280.15,282.15,2019-01-08,02:30:04
280.59,1027,61,279.15,282.15,2019-01-08,02:35:03
280.59,1027,61,279.15,282.15,2019-01-08,02:40:03
280.59,1027,61,279.15,282.15,2019-01-08,02:45:03
280.59,1027,61,279.15,282.15,2019-01-08,02:50:03
280.59,1027,61,279.15,282.15,2019-01-08,02:55:03
280.59,1027,61,279.15,282.15,2019-01-08,03:00:03
280.28,1027,70,279.15,281.15,2019-01-08,03:05:03
280.37,1027,61,279.15,282.15,2019-01-08,03:10:03
280.37,1027,61,279.15,282.15,2019-01-08,03:15:03
280.37,1027,61,279.15,282.15,2019-01-08,03:20:03
280.37,1027,61,279.15,282.15,2019-01-08,03:25:04
280.37,1027,61,279.15,282.15,2019-01-08,03:30:03
280.28,1027,61,279.15,282.15,2019-01-08,03:35:03
280.03,1027,65,279.15,281.15,2019-01-08,03:40:03
280.28,1027,61,279.15,282.15,2019-01-08,03:45:03
280.03,1027,65,279.15,281.15,2019-01-08,03:50:03
280.03,1027,65,279.15,281.15,2019-01-08,03:55:03
280.03,1027,65,279.15,281.15,2019-01-08,04:00:04
280.04,1027,65,279.15,281.15,2019-01-08,04:05:03
280.04,1027,65,279.15,281.15,2019-01-08,04:10:11
280.04,1027,65,279.15,281.15,2019-01-08,04:15:03
280.04,1027,65,279.15,281.15,2019-01-08,04:20:03
280.04,1027,65,279.15,281.15,2019-01-08,04:25:03
280.04,1027,65,279.15,281.15,2019-01-08,04:30:04
279.52,1027,75,279.15,280.15,2019-01-08,04:35:03
279.52,1027,75,279.15,280.15,2019-01-08,04:40:03
279.52,1027,75,279.15,280.15,2019-01-08,04:45:03
279.52,1027,75,279.15,280.15,2019-01-08,04:50:03
279.52,1027,75,279.15,280.15,2019-01-08,04:55:03
279.52,1027,75,279.15,280.15,2019-01-08,05:00:04
279.53,1027,75,279.15,280.15,2019-01-08,05:05:03
279.53,1027,75,279.15,280.15,2019-01-08,05:10:03
279.53,1027,75,279.15,280.15,2019-01-08,05:15:03
279.53,1027,75,279.15,280.15,2019-01-08,05:20:03
279.53,1027,75,279.15,280.15,2019-01-08,05:25:03
279.53,1027,75,279.15,280.15,2019-01-08,05:30:03
279.72,1025,81,279.15,281.15,2019-01-08,05:35:04
279.81,1026,70,279.15,281.15,2019-01-08,05:40:03
279.81,1026,70,279.15,281.15,2019-01-08,05:45:03
279.81,1026,70,279.15,281.15,2019-01-08,05:50:03
279.81,1026,70,279.15,281.15,2019-01-08,05:55:03
279.81,1026,70,279.15,281.15,2019-01-08,06:00:05
279.8,1026,70,279.15,281.15,2019-01-08,06:05:03
279.81,1026,70,279.15,281.15,2019-01-08,06:10:06
279.81,1026,70,279.15,281.15,2019-01-08,06:15:03
279.81,1026,70,279.15,281.15,2019-01-08,06:20:04
279.81,1026,70,279.15,281.15,2019-01-08,06:25:06
279.86,1026,70,279.15,281.15,2019-01-08,06:30:04
279.64,1026,70,278.15,281.15,2019-01-08,06:35:03
279.54,1026,70,278.15,281.15,2019-01-08,06:40:03
279.54,1026,70,278.15,281.15,2019-01-08,06:45:03
279.54,1026,70,278.15,281.15,2019-01-08,06:50:04
279.54,1026,70,278.15,281.15,2019-01-08,06:55:03
279.54,1026,70,278.15,281.15,2019-01-08,07:00:03
279.34,1026,75,278.15,280.15,2019-01-08,07:05:03
279.35,1026,75,278.15,280.15,2019-01-08,07:10:03
279.35,1026,75,278.15,280.15,2019-01-08,07:15:03
279.35,1026,75,278.15,280.15,2019-01-08,07:20:04
279.35,1026,75,278.15,280.15,2019-01-08,07:25:03
279.35,1026,75,278.15,280.15,2019-01-08,07:30:03
279.25,1026,75,278.15,280.15,2019-01-08,07:35:04
279.25,1026,75,278.15,280.15,2019-01-08,07:40:03
279.25,1026,75,278.15,280.15,2019-01-08,07:45:03
279.24,1026,75,278.15,280.15,2019-01-08,07:50:04
279.25,1026,75,278.15,280.15,2019-01-08,07:55:03
279.24,1026,75,278.15,280.15,2019-01-08,08:00:04
279.05,1026,80,278.15,280.15,2019-01-08,08:05:03
278.95,1027,81,278.15,280.15,2019-01-08,08:10:04
278.95,1027,81,278.15,280.15,2019-01-08,08:15:03
278.95,1027,81,278.15,280.15,2019-01-08,08:20:03
278.95,1027,81,278.15,280.15,2019-01-08,08:25:04
278.95,1027,81,278.15,280.15,2019-01-08,08:30:06
278.95,1027,80,278.15,279.15,2019-01-08,08:35:03
278.95,1027,80,278.15,279.15,2019-01-08,08:40:03
278.95,1027,80,278.15,279.15,2019-01-08,08:45:04
278.95,1027,80,278.15,279.15,2019-01-08,08:50:03
278.95,1027,80,278.15,279.15,2019-01-08,08:55:03
278.95,1027,80,278.15,279.15,2019-01-08,09:00:03
279.05,1027,86,278.15,280.15,2019-01-08,09:05:03
278.95,1027,80,278.15,279.15,2019-01-08,09:10:03
279.15,1027,81,278.15,280.15,2019-01-08,09:15:04
279.15,1027,81,278.15,280.15,2019-01-08,09:20:03
279.15,1027,81,278.15,280.15,2019-01-08,09:25:03
279.15,1027,81,278.15,280.15,2019-01-08,09:30:03
279.15,1027,80,278.15,280.15,2019-01-08,09:35:03
279.15,1027,80,278.15,280.15,2019-01-08,09:40:03
279.15,1027,80,278.15,280.15,2019-01-08,09:45:04
279.15,1027,80,278.15,280.15,2019-01-08,09:50:03
279.15,1027,80,278.15,280.15,2019-01-08,09:55:03
279.15,1027,80,278.15,280.15,2019-01-08,10:00:03
279.25,1028,75,278.15,280.15,2019-01-08,10:10:04
279.25,1028,75,278.15,280.15,2019-01-08,10:15:03
279.25,1028,75,278.15,280.15,2019-01-08,10:20:03
279.25,1028,75,278.15,280.15,2019-01-08,10:25:03
279.25,1028,75,278.15,280.15,2019-01-08,10:30:04
279.59,1028,65,278.15,281.15,2019-01-08,10:35:03
279.69,1028,65,278.15,281.15,2019-01-08,10:40:03
279.59,1028,65,278.15,281.15,2019-01-08,10:45:03
279.69,1028,65,278.15,281.15,2019-01-08,10:50:03
279.68,1028,65,278.15,281.15,2019-01-08,10:55:03
279.68,1028,65,278.15,281.15,2019-01-08,11:00:05
280.31,1028,61,278.15,282.15,2019-01-08,11:05:03
280.69,1028,61,280.15,282.15,2019-01-08,11:10:03
280.69,1028,61,280.15,282.15,2019-01-08,11:15:03
280.69,1028,61,280.15,282.15,2019-01-08,11:20:03
280.69,1028,61,280.15,282.15,2019-01-08,11:25:03
280.69,1028,61,280.15,282.15,2019-01-08,11:30:03
280.69,1028,57,280.15,282.15,2019-01-08,11:35:04
280.69,1028,57,280.15,282.15,2019-01-08,11:40:03
280.69,1028,57,280.15,282.15,2019-01-08,11:45:03
280.69,1028,57,280.15,282.15,2019-01-08,11:50:04
280.69,1028,57,280.15,282.15,2019-01-08,11:55:03
280.69,1028,57,280.15,282.15,2019-01-08,12:00:03
280.96,1027,57,280.15,282.15,2019-01-08,12:05:03
281.24,1027,57,280.15,282.15,2019-01-08,12:10:04
281.24,1027,57,280.15,282.15,2019-01-08,12:15:03
281.24,1027,57,280.15,282.15,2019-01-08,12:20:03
281.24,1027,57,280.15,282.15,2019-01-08,12:25:03
281.24,1027,57,280.15,282.15,2019-01-08,12:30:04
281.51,1027,57,281.15,282.15,2019-01-08,12:35:03
281.51,1027,57,281.15,282.15,2019-01-08,12:40:03
281.51,1027,57,281.15,282.15,2019-01-08,12:45:03
281.51,1027,57,281.15,282.15,2019-01-08,12:50:03
281.51,1027,57,281.15,282.15,2019-01-08,12:55:03
281.51,1027,57,281.15,282.15,2019-01-08,13:00:03
281.78,1027,53,281.15,283.15,2019-01-08,13:05:04
281.78,1027,53,281.15,283.15,2019-01-08,13:10:03
281.78,1027,53,281.15,283.15,2019-01-08,13:15:03
281.78,1027,53,281.15,283.15,2019-01-08,13:20:03
281.78,1027,53,281.15,283.15,2019-01-08,13:25:03
281.78,1027,53,281.15,283.15,2019-01-08,13:30:03
281.48,1027,57,281.15,282.15,2019-01-08,13:35:04
281.48,1027,57,281.15,282.15,2019-01-08,13:40:04
281.48,1027,57,281.15,282.15,2019-01-08,13:45:03
281.48,1027,57,281.15,282.15,2019-01-08,13:50:03
281.48,1027,57,281.15,282.15,2019-01-08,13:55:03
281.48,1027,57,281.15,282.15,2019-01-08,14:00:03
281.45,1027,61,281.15,282.15,2019-01-08,14:05:03
281.45,1027,61,281.15,282.15,2019-01-08,14:10:36
281.45,1027,61,281.15,282.15,2019-01-08,14:15:03
281.45,1027,61,281.15,282.15,2019-01-08,14:20:03
281.45,1027,61,281.15,282.15,2019-01-08,14:25:03
281.45,1027,61,281.15,282.15,2019-01-08,14:30:04
281.45,1027,61,281.15,282.15,2019-01-08,14:35:03
281.51,1028,65,281.15,282.15,2019-01-08,14:40:03
281.51,1028,65,281.15,282.15,2019-01-08,14:45:03
